<?xml version="1.0"?>
<data grt_format="2.0">
  <value _ptr_="0000021F210A1060" type="list" content-type="object" content-struct-name="db.mgmt.Connection">
    <value type="object" struct-name="db.mgmt.Connection" id="{C43C41B9-5282-45F6-B775-A7082C586453}" struct-checksum="0x96ba47d8">
      <link type="object" struct-name="db.mgmt.Driver" key="driver">com.mysql.rdbms.mysql.driver.native</link>
      <value type="string" key="hostIdentifier">Mysql@127.0.0.1:3306</value>
      <value type="int" key="isDefault">1</value>
      <value _ptr_="0000021F21589BE0" type="dict" key="modules"/>
      <value _ptr_="0000021F21589820" type="dict" key="parameterValues">
        <value type="string" key="DbSqlEditor:LastDefaultSchema">contactdb_compose</value>
        <value type="int" key="OPT_READ_TIMEOUT">300</value>
        <value type="string" key="SQL_MODE"></value>
        <value type="string" key="hostName">127.0.0.1</value>
        <value type="int" key="lastConnected">1718499148</value>
        <value type="string" key="password"></value>
        <value type="int" key="port">3306</value>
        <value type="string" key="schema"></value>
        <value type="string" key="serverVersion">8.4.0</value>
        <value type="string" key="sslCA"></value>
        <value type="string" key="sslCert"></value>
        <value type="string" key="sslCipher"></value>
        <value type="string" key="sslKey"></value>
        <value type="int" key="useSSL">1</value>
        <value type="string" key="userName">root</value>
      </value>
      <value type="string" key="name">New connection 1</value>
      <link type="object" struct-name="GrtObject" key="owner">{01A01BE5-3F83-4807-ADE1-416D4A957844}</link>
    </value>
  </value>
</data>
